Frame,Timestamp,Rep Duration,Left Shoulder X,Left Shoulder Y,Left Elbow X,Left Elbow Y,Left Wrist X,Left Wrist Y,Right Shoulder X,Right Shoulder Y,Right Elbow X,Right Elbow Y,Right Wrist X,Right Wrist Y,Left Elbow Angle,Right Elbow Angle,Left Shoulder Angle,Right Shoulder Angle,Torso Angle,Left Angular Velocity,Right Angular Velocity,Left Wrist Velocity,Right Wrist Velocity,Left Elbow Velocity,Right Elbow Velocity,Left Elbow Drift,Right Elbow Drift,Rep Tempo,Rep Min Angle,Rep Max Angle,Rep ROM
553,21.73360538482666,0.0,0.5821890234947205,0.39702120423316956,0.5305915474891663,0.6580923795700073,0.6290567517280579,0.5726144313812256,0.4073001444339752,0.3672527074813843,0.36411553621292114,0.6944891214370728,0.502191960811615,0.5571631789207458,37.85892781451262,37.63838640363843,0.9762468096158617,4.3284444130117965,168.43284530319346,-232.36822491612307,-238.2633851798413,0.5109192659183731,0.9158325963320827,0.27217980331862135,0.025503719812616264,0.008388682168721719,0.0007860340738718282,2.3955655097961426,10.396653522223923,151.4334881676765,141.0368346454526
554,21.764902353286743,0.03129696846008301,0.5823371410369873,0.39514225721359253,0.5342136025428772,0.6579329371452332,0.6314999461174011,0.5451633334159851,0.40830403566360474,0.3672533631324768,0.3640522360801697,0.6952497959136963,0.4868505597114563,0.5457201600074768,30.407034070232225,31.710197257901537,1.8647592259076997,4.417217329969068,168.38467084034173,-238.1027336173067,-189.41736012859718,0.8805839379229581,0.6115288348358122,0.11584389325275668,0.02438906244728126,0.0036255626734247484,0.0007633037181835565,2.3955655097961426,10.396653522223923,151.4334881676765,141.0368346454526
555,21.794891357421875,0.061285972595214844,0.5823713541030884,0.39400243759155273,0.5350140333175659,0.6577533483505249,0.6319154500961304,0.5422760844230652,0.4089530408382416,0.3673185706138611,0.363650381565094,0.6954010128974915,0.4800148606300354,0.5450676679611206,29.822130879424282,29.87954678403922,2.021351747670953,4.669666763775238,168.26252947926557,-19.503921776539887,-61.04405686875501,0.09726876404142351,0.22897625383207112,0.02735436460331407,0.014317388171559293,0.0008203301532026897,0.0004293642130811793,2.3955655097961426,10.396653522223923,151.4334881676765,141.0368346454526
556,21.826890230178833,0.09328484535217285,0.5824418067932129,0.39330214262008667,0.5354568958282471,0.6575892567634583,0.6317090392112732,0.5429288744926453,0.40944188833236694,0.3674032986164093,0.3630209267139435,0.6952876448631287,0.4776883125305176,0.5466264486312866,29.93121012791186,29.58598829431888,2.109457744186374,4.943812968331636,167.854359020621,3.408846596443297,-9.17402597116509,0.021395945377699715,0.0875177203047403,0.014759430507680948,0.01998765591118161,0.0004722851387804468,0.0006395824582117599,2.3955655097961426,10.396653522223923,151.4334881676765,141.0368346454526
557,21.85689091682434,0.12328553199768066,0.5824302434921265,0.3933214247226715,0.5344038605690002,0.6621964573860168,0.6303846836090088,0.5388290286064148,0.4095246195793152,0.36558768153190613,0.362369567155838,0.6932671070098877,0.47119003534317017,0.5340273380279541,27.75584179902567,26.15873280000083,2.059284578113972,5.066834681995873,167.90471649087092,-72.51061799320254,-114.23923508201551,0.14361137509262223,0.4725298288737427,0.1575300974607122,0.07076279774728654,0.0047260110911551325,0.0021229325213757894,2.3955655097961426,10.396653522223923,151.4334881676765,141.0368346454526
558,21.888890981674194,0.15528559684753418,0.5823985934257507,0.39337167143821716,0.5338770151138306,0.664800763130188,0.630047082901001,0.5374444723129272,0.4095587730407715,0.3644774258136749,0.3616774082183838,0.6919736266136169,0.46874865889549255,0.5305725932121277,26.922079841960645,25.241796300848932,2.0474203452831934,5.194509990371994,167.9607870138313,-26.055008356298444,-28.654207529085543,0.044534946514890754,0.13219713384336157,0.0830329961236,0.04584457871656678,0.0026570612606328357,0.0014670294919443513,2.3955655097961426,10.396653522223923,151.4334881676765,141.0368346454526
559,21.918891429901123,0.1852860450744629,0.5871521234512329,0.39413097500801086,0.547697901725769,0.6643231511116028,0.629752516746521,0.5358294248580933,0.4102032780647278,0.3634006083011627,0.36913472414016724,0.6919196248054504,0.5132149457931519,0.5128165483474731,24.254057995501917,31.68943659686855,4.502220364811135,3.93837889242233,167.90035984559466,-88.93273281376791,214.91813213084427,0.054722197067348544,1.5959877806513285,0.4609643338383142,0.2485800008255801,0.013829136631777027,0.007457511445017712,2.3955655097961426,10.396653522223923,151.4334881676765,141.0368346454526
560,21.950713396072388,0.21710801124572754,0.5885120630264282,0.3952100872993469,0.5473058223724365,0.6682908535003662,0.6271214485168457,0.539268434047699,0.4109318256378174,0.3626401126384735,0.37187010049819946,0.6918689608573914,0.5239484310150146,0.508651852607727,23.160839660990057,32.92788788912332,4.444060018453529,3.548344444241456,167.78505588754376,-34.35420453369221,38.91812610162018,0.13607099746435575,0.3617985157259531,0.12529167748573297,0.08597349062222699,0.003987027522491996,0.002735845510206046,2.3955655097961426,10.396653522223923,151.4334881676765,141.0368346454526
561,21.997045040130615,0.2634396553039551,0.5888791084289551,0.3967028260231018,0.5515104532241821,0.6676103472709656,0.6205099821090698,0.5463992953300476,0.4109651446342468,0.3617493808269501,0.37258419394493103,0.6908403635025024,0.5188020467758179,0.4848702847957611,21.796995540696134,28.71869319784752,5.220405884051221,3.616947905834167,167.68355011557944,-29.436557843272393,-90.84924087705305,0.20988314375848494,0.5251711198085071,0.0919316344981827,0.027026342816969043,0.0042593437672608725,0.0012521748955914443,2.3955655097961426,10.396653522223923,151.4334881676765,141.0368346454526
562,22.028061628341675,0.29445624351501465,0.589085042476654,0.3987107574939728,0.5527877807617188,0.6679137945175171,0.6202150583267212,0.5557883381843567,0.41098055243492126,0.36117884516716003,0.37206634879112244,0.6901923418045044,0.5183338522911072,0.4821593463420868,23.341824801811487,28.365617160869636,5.361571782433081,3.887201118390984,167.699096439241,49.80655030795793,-11.383458250639869,0.3028596712640777,0.08869677397637027,0.042328219173452364,0.026744248899559776,0.0013128769438104483,0.0008295153551317287,2.3955655097961426,10.396653522223923,151.4334881676765,141.0368346454526
563,22.07333517074585,0.33972978591918945,0.5890934467315674,0.399910569190979,0.5533143877983093,0.6685359477996826,0.6188763976097107,0.5585604906082153,0.41099292039871216,0.36090287566185,0.37178975343704224,0.6896898746490479,0.5151181221008301,0.48611077666282654,23.21458628091917,28.347576290116287,5.351736266762616,4.0793631253886495,167.7586625154063,-2.8104388155980278,-0.3984859543857094,0.06799662127838008,0.11252880729918247,0.018003915302249433,0.012668905723202036,0.0008151010228775613,0.0005735662404738802,2.3955655097961426,10.396653522223923,151.4334881676765,141.0368346454526
564,22.104907512664795,0.37130212783813477,0.589018702507019,0.3992307782173157,0.5480263829231262,0.6716669797897339,0.6185894012451172,0.5349634885787964,0.41143307089805603,0.3607296347618103,0.3732776939868927,0.6903979182243347,0.5217437744140625,0.49438148736953735,18.744820362888774,30.538924464655075,4.345420218398198,3.9252371516643745,167.8049790291205,-141.57220042483664,69.40721027805185,0.7474500089000642,0.3356531045678436,0.1946461190486066,0.052191711092190576,0.006145433823798342,0.0016478145479374515,2.3955655097961426,10.396653522223923,151.4334881676765,141.0368346454526
565,22.13606834411621,0.4024629592895508,0.5889686346054077,0.39883264899253845,0.5446608066558838,0.673434853553772,0.6142184138298035,0.5362117290496826,0.41162213683128357,0.3607290983200073,0.373942106962204,0.6912347674369812,0.5218420624732971,0.4981018304824829,17.714351627997132,30.940609075910128,3.7194856222922117,3.8116450255852294,167.8064302976009,-33.069359413540774,12.890689771270521,0.145879520256687,0.1194333094914504,0.12200065719548647,0.03429087792677162,0.0038016419158305387,0.0010685322673972123,2.3955655097961426,10.396653522223923,151.4334881676765,141.0368346454526
566,22.16806960105896,0.4344642162322998,0.588891327381134,0.3984910845756531,0.5423200726509094,0.6742792129516602,0.6112154126167297,0.5415400266647339,0.41166454553604126,0.36072036623954773,0.37413331866264343,0.6914660334587097,0.5202339887619019,0.4990255534648895,17.845683074319982,30.73181886300484,3.284988362526075,3.769963537614884,167.80959401213426,4.103946496783081,-6.524437876887742,0.19112596350683422,0.05795080625512335,0.07775846560342756,0.009377021328969152,0.0024883686372491973,0.0003000764689059797,2.3955655097961426,10.396653522223923,151.4334881676765,141.0368346454526
567,22.19880771636963,0.46520233154296875,0.5897656083106995,0.39848774671554565,0.5418871641159058,0.6745922565460205,0.5983055830001831,0.6025217771530151,0.4111766219139099,0.36015650629997253,0.37395501136779785,0.6906377077102661,0.5110539793968201,0.4961791932582855,28.216992172133388,28.75890291099366,3.0526155111692934,3.716662436163959,167.89176230863973,337.4087510893555,-64.18467534756104,2.027882248080337,0.31267879882461425,0.017380184552317362,0.027565120440767685,0.0005342341168898382,0.0008472998506607947,2.3955655097961426,10.396653522223923,151.4334881676765,141.0368346454526
568,22.24370312690735,0.5100977420806885,0.5902608633041382,0.3984909653663635,0.54167240858078,0.6736472845077515,0.602070689201355,0.5204759240150452,0.4099303185939789,0.360421746969223,0.37383395433425903,0.6925031542778015,0.5042786002159119,0.48734191060066223,11.505896224117585,26.24527937664409,2.908141976677938,3.1564217029913753,168.60888994545277,-372.2228118167148,-55.988429646671825,1.8294119061545417,0.24803600222438676,0.021585004557653234,0.04163834075907591,0.0009690676410743933,0.0018693704024881814,2.3955655097961426,10.396653522223923,151.4334881676765,141.0368346454526
569,22.276006937026978,0.5424015522003174,0.5907082557678223,0.39848440885543823,0.5413079857826233,0.6727322340011597,0.6054328083992004,0.5022017955780029,0.4098573625087738,0.3610944449901581,0.3735187351703644,0.6933481097221375,0.5000393390655518,0.486244261264801,10.396653522223923,25.179293057070463,2.7466121874239247,3.103189046130383,168.8453193705654,-34.337828812943876,-32.99877988466429,0.5751903551132371,0.13555863193841255,0.03049013131493549,0.027917405920915257,0.0009849474125202273,0.0009018385799018502,2.3955655097961426,10.396653522223923,151.4334881676765,141.0368346454526
570,22.306091785430908,0.572486400604248,0.5906245112419128,0.39940592646598816,0.5413174629211426,0.6711851358413696,0.6044812798500061,0.5102278590202332,0.4094935357570648,0.36079302430152893,0.3727478086948395,0.6922691464424133,0.4996747076511383,0.4865484833717346,11.143395053997011,25.348344822541076,2.7231509167532817,3.217368443754796,168.69796145707394,24.82118313335174,5.6191662726984415,0.26864921076959286,0.015784554868788388,0.05142546061865027,0.0440780170611601,0.0015471271868143998,0.001326080461230871,2.3955655097961426,10.396653522223923,151.4334881676765,141.0368346454526
571,22.33769130706787,0.6040859222412109,0.590614914894104,0.4009495675563812,0.5413029789924622,0.6707534790039062,0.6054545640945435,0.5130090713500977,0.40893515944480896,0.36076515913009644,0.3719605505466461,0.6919957399368286,0.49736326932907104,0.4854559004306793,11.773018158885735,24.895002545037812,2.7247208812375536,3.2518502272962553,168.59074530920006,19.925083427599592,-14.346491782741934,0.09324810035902878,0.08090802741786596,0.013667921080257836,0.026373265402631026,0.0004318997679079087,0.0008333825707278039,2.3955655097961426,10.396653522223923,151.4334881676765,141.0368346454526
572,22.369691133499146,0.6360857486724854,0.59059739112854,0.4018290340900421,0.5412312746047974,0.6704753041267395,0.6057066917419434,0.5171678066253662,0.4088006615638733,0.36077067255973816,0.3719049096107483,0.6919476985931396,0.4969661235809326,0.4863537549972534,12.397365971364648,24.95483634589554,2.8204717413943263,3.2465603577093,168.37880203694027,19.510974967936654,1.8698164187306505,0.13019980044684998,0.03068040307681135,0.008977167038785887,0.002297234893804374,0.0002872677870857061,7.351111787360707e-05,2.3955655097961426,10.396653522223923,151.4334881676765,141.0368346454526
573,22.400691986083984,0.6670866012573242,0.5904172658920288,0.40037113428115845,0.5415250062942505,0.6641644835472107,0.6060576438903809,0.5206956267356873,0.41043582558631897,0.36080506443977356,0.3734211325645447,0.6873453855514526,0.5107923150062561,0.49438101053237915,13.718109077714349,28.97992463158378,2.6907741701985723,3.77236672921591,167.71474120119296,42.60344462253975,129.83798670287965,0.11435923292656666,0.5157118696341993,0.20378964120056783,0.1563066368265653,0.006317652625176009,0.004845639006292296,2.3955655097961426,10.396653522223923,151.4334881676765,141.0368346454526
574,22.431867361068726,0.6982619762420654,0.5872042179107666,0.3975430130958557,0.5435423254966736,0.6417860388755798,0.6007828116416931,0.5236576199531555,0.41416192054748535,0.36080604791641235,0.3740009367465973,0.6773494482040405,0.5094782114028931,0.5048149824142456,15.717671668046584,30.9089762306162,2.9127715268662997,4.274438784541983,167.9871740356999,64.1391672533505,61.87741446499341,0.19404952957005556,0.3373302970680023,0.7207350985172838,0.32117460361962585,0.02246918696094072,0.010012738703417458,2.3955655097961426,10.396653522223923,151.4334881676765,141.0368346454526
575,22.464905977249146,0.7313005924224854,0.5789470672607422,0.39731264114379883,0.5393587946891785,0.6498104929924011,0.6150515675544739,0.5272443890571594,0.4159039556980133,0.3598470687866211,0.3733466565608978,0.6778822541236877,0.5093100070953369,0.5238121747970581,22.787439095332747,33.80601763802634,3.225046679757987,4.606504660296827,168.73024484329792,213.98497408847302,87.68652390250679,0.44531701945089786,0.5750221776529519,0.2739073252117718,0.025539205632650285,0.009049518986677186,0.0008437800124499514,2.3955655097961426,10.396653522223923,151.4334881676765,141.0368346454526
576,22.49508285522461,0.7614774703979492,0.5767732858657837,0.39691099524497986,0.5378196239471436,0.6539797186851501,0.6238846778869629,0.5282739996910095,0.41650527715682983,0.35942697525024414,0.3703468143939972,0.678287923336029,0.49588441848754883,0.5247110724449158,25.781200498555584,31.026487441267548,3.2548275722702615,5.260708082250853,168.9333218457436,99.20712824093323,-92.1079443346911,0.2946930080489269,0.4458926265377516,0.1472738427531693,0.10031346724677323,0.004444264781740043,0.003027147260401567,2.3955655097961426,10.396653522223923,151.4334881676765,141.0368346454526
577,22.52808952331543,0.7944841384887695,0.5764721035957336,0.39651772379875183,0.5371868014335632,0.6581430435180664,0.6286567449569702,0.5283296704292297,0.4168749749660492,0.3594125807285309,0.3688402771949768,0.6783685088157654,0.4890928268432617,0.5248696804046631,26.62988455267158,29.511139325527243,3.254134344842887,5.623451089170134,169.01923964551284,25.712503054860857,-45.910363068780896,0.14458871680412003,0.20582033317508797,0.12758465920273873,0.04570867121647032,0.004211144499785221,0.0015086909397144677,2.3955655097961426,10.396653522223923,151.4334881676765,141.0368346454526
578,22.5741024017334,0.8404970169067383,0.5789204835891724,0.39641255140304565,0.5364761352539062,0.6574881076812744,0.6279425621032715,0.5293907523155212,0.4158034920692444,0.3606550991535187,0.3637167811393738,0.6786995530128479,0.474447637796402,0.5274885892868042,26.294222044224178,26.9142223989528,2.724519083062109,6.137405919036013,168.9883334366849,-7.294968712853249,-56.43891483998765,0.027797508098495783,0.32333356589180046,0.021003472348592803,0.11158136513522415,0.0009664302195309693,0.005134179787678046,2.3955655097961426,10.396653522223923,151.4334881676765,141.0368346454526
579,22.604100465774536,0.870495080947876,0.5806333422660828,0.3962729573249817,0.5360167026519775,0.6568633913993835,0.6275404691696167,0.5300547480583191,0.4150599539279938,0.3615124821662903,0.36146098375320435,0.6789835691452026,0.47051963210105896,0.5285519957542419,26.10414142652547,26.358115828263234,2.370149430619328,6.39491749836311,168.93539348158743,-6.3364294921846325,-18.538081988456014,0.02587677747424922,0.13565560794868123,0.02585056132030111,0.07579177794706425,0.0007754667939857497,0.0022736066086477213,2.3955655097961426,10.396653522223923,151.4334881676765,141.0368346454526
580,22.636101245880127,0.9024958610534668,0.5807567834854126,0.39579904079437256,0.5358818769454956,0.6569923758506775,0.6367636322975159,0.5303841233253479,0.4125492572784424,0.36158907413482666,0.3611043095588684,0.6805948615074158,0.46913599967956543,0.5287691950798035,28.79926588842899,26.272770397135425,2.3986488653314013,6.137757087714353,168.96957796234486,84.22058627979071,-2.666979706313429,0.28840054856727865,0.043766945230563396,0.0058307226455483,0.051570518076257545,0.0001865876732368799,0.0016502968088897142,2.3955655097961426,10.396653522223923,151.4334881676765,141.0368346454526
581,22.667107343673706,0.9335019588470459,0.5808135271072388,0.3957520127296448,0.5356996655464172,0.656004011631012,0.6370578408241272,0.5324141383171082,0.41244927048683167,0.3619731366634369,0.3589107096195221,0.684097409248352,0.4746214747428894,0.5315130949020386,29.521450823910097,27.73792600400288,2.318448256635157,6.457094564155941,168.35348358671635,23.291706692309408,47.25378912953267,0.0661555001994786,0.197814877780398,0.032413618113565155,0.13328868346728123,0.0010050198130729282,0.004132761954363932,2.3955655097961426,10.396653522223923,151.4334881676765,141.0368346454526
582,22.69904065132141,0.965435266494751,0.5816196799278259,0.39497509598731995,0.533939003944397,0.6532372832298279,0.6300262212753296,0.5522119998931885,0.41649287939071655,0.36196982860565186,0.35885605216026306,0.6855344772338867,0.5114488005638123,0.5807097554206848,33.10469370800365,45.41238856053557,1.6905608838107256,6.856547248812189,168.00205374612108,112.21020144936561,553.4804834977025,0.6579179958370337,1.9244404690029433,0.10269647915812505,0.04503470316843514,0.0032794382632925397,0.001438107031100718,2.3955655097961426,10.396653522223923,151.4334881676765,141.0368346454526
583,22.744075536727905,1.0104701519012451,0.5824465751647949,0.3948311507701874,0.5334622263908386,0.6519357562065125,0.6261926889419556,0.559589684009552,0.4179695248603821,0.3619316518306732,0.3590395748615265,0.6862434148788452,0.5190966725349426,0.5814432501792908,34.33211128819189,46.48580967781506,1.4514193175619088,6.8948342250910315,167.86636467801313,27.254817440064837,23.83532471750676,0.1846172416856101,0.1706003139574781,0.030778491778155954,0.016260877244704958,0.0013861058502139755,0.0007323067433243559,2.3955655097961426,10.396653522223923,151.4334881676765,141.0368346454526
584,22.77461838722229,1.0410130023956299,0.5830094218254089,0.3947409987449646,0.5328938364982605,0.6511051058769226,0.624091625213623,0.5636449456214905,0.41867461800575256,0.3619494140148163,0.35919249057769775,0.6865192651748657,0.5204053521156311,0.5784102082252502,35.13745586702995,45.76922390872035,1.2488667346420705,6.9214325707296505,167.80995089499217,26.367695411602817,-23.46165330005646,0.14953525080634913,0.10815393585126135,0.032953780123813406,0.010326446628535978,0.0010065023795464611,0.000315399115513618,2.3955655097961426,10.396653522223923,151.4334881676765,141.0368346454526
585,22.80590271949768,1.0722973346710205,0.5830290913581848,0.395762175321579,0.5281965732574463,0.658251166343689,0.6289037466049194,0.5831987857818604,0.41606903076171875,0.36183756589889526,0.35711151361465454,0.686487078666687,0.5168734192848206,0.5741201043128967,41.50544455645825,44.58679356547024,0.16085052197947183,7.119551351532316,168.5761900878481,203.5520091454082,-37.79624678709391,0.643685096371189,0.17762681511921383,0.27335200833841516,0.06652613980980572,0.008551635057004328,0.002081225862809054,2.3955655097961426,10.396653522223923,151.4334881676765,141.0368346454526
586,22.83790135383606,1.1042959690093994,0.5827250480651855,0.39588460326194763,0.5249508619308472,0.6621774435043335,0.6303768754005432,0.5900511145591736,0.4154573976993561,0.3618084192276001,0.35609671473503113,0.6865208148956299,0.5159792900085449,0.5705996751785278,43.38131326681583,43.696567667945715,0.5324100306388739,7.269304190380054,168.90708091227853,58.62339906511815,-27.82074660157585,0.21903711371301218,0.11351114426263183,0.15919876732178492,0.03173133833995271,0.005094143142650461,0.0010153594926075298,2.3955655097961426,10.396653522223923,151.4334881676765,141.0368346454526
587,22.86891794204712,1.135312557220459,0.5828808546066284,0.39544060826301575,0.528070330619812,0.6594845652580261,0.6324292421340942,0.5930131673812866,0.41411933302879333,0.3616642653942108,0.35616523027420044,0.6860949993133545,0.5327280163764954,0.5727605223655701,45.77793224465232,47.175762758287895,0.14190803913796338,7.177547529572004,168.95856078569207,77.2689427195583,112.17207600872122,0.11618313973845515,0.5444680923102051,0.1328645329867223,0.013905223123286384,0.004121004507503906,0.0004312925795978774,2.3955655097961426,10.396653522223923,151.4334881676765,141.0368346454526
588,22.90090250968933,1.167297124862671,0.5831277966499329,0.3954925835132599,0.5278140306472778,0.6594560742378235,0.6398490071296692,0.6008481383323669,0.40697917342185974,0.36163797974586487,0.354463130235672,0.6839395761489868,0.5282553434371948,0.5950806736946106,50.549826588225585,53.66513116523908,0.5221843964751128,6.465976335016422,168.39293963258197,149.19364854178977,202.89060898190118,0.3373727658994515,0.7117142940480808,0.008062597061187159,0.08586800719205318,0.00025787868107543966,0.002746451084336164,2.3955655097961426,10.396653522223923,151.4334881676765,141.0368346454526
589,22.930903911590576,1.197298526763916,0.5827904939651489,0.3945702314376831,0.5290389060974121,0.6494681239128113,0.6493431329727173,0.6115023493766785,0.40479809045791626,0.3615730106830597,0.35573533177375793,0.6830389499664307,0.5329712629318237,0.6211906671524048,60.57748790678529,62.085416638394385,0.6567063441101779,5.815468845540858,168.5019234151036,334.2397582475482,280.66306704173866,0.4756651560695882,0.8843741455641292,0.33541021071708943,0.051955079072034734,0.010062776533504712,0.0015587252080510833,2.3955655097961426,10.396653522223923,151.4334881676765,141.0368346454526
590,22.96190071105957,1.2282953262329102,0.5824277400970459,0.3939967155456543,0.5291080474853516,0.6464330554008484,0.6521010398864746,0.6157247424125671,0.4041716456413269,0.3615167438983917,0.35698404908180237,0.6825463175773621,0.5368813276290894,0.6283205151557922,64.05453673723109,64.86387086245249,0.7451328242107897,5.449149309142713,168.4787049642858,112.17444671743829,89.63680998218439,0.16270318667985584,0.26233759484925734,0.09794094909841158,0.043307022012674216,0.0030358559590064264,0.0013423790769261778,2.3955655097961426,10.396653522223923,151.4334881676765,141.0368346454526
591,22.99390745162964,1.2603020668029785,0.5822713375091553,0.3937443792819977,0.5291475653648376,0.6457068920135498,0.6540051102638245,0.6173951029777527,0.4036450982093811,0.36154261231422424,0.3573921024799347,0.6825716495513916,0.5374228358268738,0.6291579008102417,65.31820139835746,65.27617583069615,0.7954149640951774,5.303472738824826,168.51833595925527,39.481204228215205,12.881816795466953,0.07913649253876719,0.03115653286495859,0.022721397516486365,0.012773526444155262,0.0007272378756995746,0.00040883894706298524,2.3955655097961426,10.396653522223923,151.4334881676765,141.0368346454526
592,23.02589988708496,1.2922945022583008,0.5825925469398499,0.393960177898407,0.530990719795227,0.6432990431785583,0.6569381952285767,0.613641083240509,0.40274590253829956,0.3614870011806488,0.35933300852775574,0.6836802363395691,0.5389279723167419,0.6389973163604736,65.05689528578624,68.354659677507,0.6124737658618759,4.745473218635932,168.65373937486643,-8.167746808027031,96.22536712186185,0.14891005551917214,0.31113199642668665,0.09478235263557686,0.06986624958181792,0.0030323182989972866,0.002235191480251746,2.3955655097961426,10.396653522223923,151.4334881676765,141.0368346454526
593,23.07191562652588,1.3383102416992188,0.5828248858451843,0.39416447281837463,0.5328136086463928,0.6421271562576294,0.6587964296340942,0.6105768084526062,0.40207338333129883,0.3614809215068817,0.36054810881614685,0.68437659740448,0.539186954498291,0.6415457129478455,64.53743229929353,69.1889651004625,0.34953689443857827,4.407720731164445,168.6660685949853,-11.288811019970202,18.130870721456162,0.07787959949755148,0.05566622242062914,0.04709435596890291,0.03043513903974766,0.002167081613402876,0.0014004954279011386,2.3955655097961426,10.396653522223923,151.4334881676765,141.0368346454526
594,23.10242009162903,1.3688147068023682,0.5828063488006592,0.39231207966804504,0.5332805514335632,0.6416604518890381,0.6432148814201355,0.628425657749176,0.4039584696292877,0.36105725169181824,0.35960689187049866,0.6857839822769165,0.512370228767395,0.6677349805831909,71.90136743368114,75.48433135391994,0.20518021319171442,5.383629842086286,168.39327912742607,241.40515526126475,206.3752382534806,0.7767113726697548,1.2287880860342726,0.021642348238781015,0.05550367816028239,0.0006601882566001026,0.0016931100135367705,2.3955655097961426,10.396653522223923,151.4334881676765,141.0368346454526
595,23.134419918060303,1.4008145332336426,0.5822244882583618,0.3922726511955261,0.5346190929412842,0.6418737769126892,0.6545385122299194,0.633784294128418,0.40665164589881897,0.3604220747947693,0.3586352467536926,0.6855528950691223,0.5094209313392639,0.6772521734237671,75.34270506546295,78.44815265139746,0.1691527310584782,5.738325345620411,168.57452867375113,107.5423843055124,92.6199179187075,0.39148817264292163,0.3113673094634611,0.042357537697714394,0.031211012423000034,0.0013554338543830234,0.0009987469802803506,2.3955655097961426,10.396653522223923,151.4334881676765,141.0368346454526
596,23.16611409187317,1.4325087070465088,0.5818282961845398,0.39223888516426086,0.5355460047721863,0.6420323848724365,0.6592320799827576,0.6355723738670349,0.4083130955696106,0.3600175082683563,0.3580511212348938,0.6854267120361328,0.5080465078353882,0.6794363856315613,76.51335860921128,78.93261791432629,0.4290412814755633,5.97575224480127,168.66997163859827,36.9359223767841,15.285625231604993,0.1584716976786687,0.08142390111826638,0.029670562928311866,0.01885517455621964,0.0009403839785755009,0.0005975991796567578,2.3955655097961426,10.396653522223923,151.4334881676765,141.0368346454526
597,23.197102069854736,1.4634966850280762,0.5814701318740845,0.3922033905982971,0.5360592603683472,0.6421223878860474,0.6609821915626526,0.635987401008606,0.40963611006736755,0.35968053340911865,0.3580569922924042,0.6853399276733398,0.5076623558998108,0.6804617643356323,76.89003058897575,79.13247054586647,0.5892766120330063,6.0817234506665425,168.73596133591462,12.155422983342866,6.449360189266316,0.05804344375150864,0.035335535684230514,0.016815785159890316,0.002806983014091816,0.0005210871802774486,8.698272783531085e-05,2.3955655097961426,10.396653522223923,151.4334881676765,141.0368346454526
598,23.228677988052368,1.495072603225708,0.5822256803512573,0.39544373750686646,0.5395779013633728,0.6494656801223755,0.6609593629837036,0.657377302646637,0.40889620780944824,0.3596806526184082,0.35048407316207886,0.6829635500907898,0.4892636239528656,0.6991868615150452,84.19873996530433,86.42566220545964,1.0959546500401773,7.633629265215826,169.25324799228812,231.46466654061467,230.97322503641902,0.6774122508856245,0.8313780627617643,0.25787926016989376,0.2513630545902523,0.008142774423990383,0.007937019249648673,2.3955655097961426,10.396653522223923,151.4334881676765,141.0368346454526
599,23.258774995803833,1.5251696109771729,0.5822968482971191,0.3954223692417145,0.5394812226295471,0.6496665477752686,0.6608906984329224,0.6794785261154175,0.4088588356971741,0.3596220910549164,0.34854787588119507,0.679489254951477,0.4927038550376892,0.7135645747184753,94.23685036257768,92.62159379792219,0.999341318118536,8.074410034300591,169.07848795483335,333.5251955997119,205.86536853189276,0.7343364601316646,0.4911972057266438,0.007406810653952884,0.13215215372371844,0.00022292283766565233,0.003977384394995527,2.3955655097961426,10.396653522223923,151.4334881676765,141.0368346454526
600,23.29006338119507,1.5564579963684082,0.5823370218276978,0.39539310336112976,0.5397468209266663,0.6497885584831238,0.6618030667304993,0.6845187544822693,0.40881219506263733,0.3595544695854187,0.34762340784072876,0.6759249567985535,0.4931116998195648,0.7159730195999146,96.379145282422,94.44410475631827,1.0525544947619037,8.307828789259178,169.0481913899323,68.46933432507602,58.24880177123523,0.1637073920146933,0.07807155557395107,0.009341565913790798,0.11768699550049934,0.00029228251446831413,0.003682236070756204,2.3955655097961426,10.396653522223923,151.4334881676765,141.0368346454526
601,23.32137656211853,1.5877711772918701,0.585108757019043,0.39552098512649536,0.539861798286438,0.6498293280601501,0.6622471809387207,0.6924010515213013,0.40832647681236267,0.35935354232788086,0.34774643182754517,0.6759366393089294,0.4853442311286926,0.726871132850647,99.09162870138618,99.48008071749534,0.5746396888133252,8.400372459311084,168.73226267566943,86.6243332350758,160.82607428119144,0.25212381210121826,0.4273892228795308,0.0038958547590006963,0.003946498921911408,0.00012199160492011891,0.00012357743475605932,2.3955655097961426,10.396653522223923,151.4334881676765,141.0368346454526
602,23.35156559944153,1.6179602146148682,0.5860929489135742,0.39547035098075867,0.5396214127540588,0.6496540307998657,0.6606737375259399,0.6941714882850647,0.4083240032196045,0.3589412271976471,0.34788769483566284,0.675434947013855,0.48639383912086487,0.7272874712944031,99.83042719508421,99.71357245116022,0.4226402786568361,8.429662161875994,168.4086311044128,24.472409828557527,7.734321938348226,0.07845827692534449,0.03740316222501703,0.00985502063073272,0.01726457561135206,0.00029751358564010586,0.0005212009174968291,2.3955655097961426,10.396653522223923,151.4334881676765,141.0368346454526
603,23.38459849357605,1.6509931087493896,0.5872348546981812,0.3950884938240051,0.5432417988777161,0.6453816294670105,0.6601288914680481,0.7035297751426697,0.40590834617614746,0.3588517904281616,0.3480614721775055,0.6751164793968201,0.4876461923122406,0.7464472651481628,106.48026279869107,106.70281012736744,0.44808484994126,8.46814035748032,169.39959743326511,201.3095061100734,211.58417569301096,0.2837817983015582,0.5812593747229252,0.16952963119282186,0.010982839254483595,0.005600054359856956,0.00036279496638982347,2.3955655097961426,10.396653522223923,151.4334881676765,141.0368346454526
604,23.41481113433838,1.6812057495117188,0.5875476598739624,0.3938279151916504,0.545693039894104,0.6384353637695312,0.6599782109260559,0.706015408039093,0.4043990969657898,0.3586496412754059,0.34821850061416626,0.6720238924026489,0.48840776085853577,0.7493566870689392,110.88721259613273,108.71869851389928,0.57872899341175,8.581155162937819,169.67316665945242,145.86443575420589,66.72334280177752,0.08242231785495246,0.09954259038358408,0.24380800730577207,0.1024925649805468,0.007366083739708601,0.0030965710465669324,2.3955655097961426,10.396653522223923,151.4334881676765,141.0368346454526
605,23.446810722351074,1.713205337524414,0.5876456499099731,0.3923376798629761,0.5502951145172119,0.6311374306678772,0.6629497408866882,0.723613977432251,0.403877317905426,0.36112701892852783,0.3483332693576813,0.6727916598320007,0.48854923248291016,0.8060766458511353,120.49249909524775,123.44332809106962,0.7088869991454818,10.409218600760713,168.78112153229594,300.16906765500494,460.1505985429743,0.5577471401606727,1.7725270459594218,0.269622195114954,0.024259626951651094,0.008627799162757079,0.0007762980677945145,2.3955655097961426,10.396653522223923,151.4334881676765,141.0368346454526
606,23.476813554763794,1.7432081699371338,0.5881029963493347,0.392058789730072,0.5520091652870178,0.6269440054893494,0.6627532243728638,0.7261791825294495,0.4033837914466858,0.36124446988105774,0.3481932282447815,0.6718472838401794,0.48449286818504333,0.8130094408988953,123.12671016995786,125.92836349430081,0.69344711265676,10.414526131031598,169.42652904110506,87.79874641413298,82.82669346170334,0.08574928751378677,0.2677178396333478,0.15099267845270717,0.031820423967810554,0.00453020802716425,0.0009547028476079101,2.3955655097961426,10.396653522223923,151.4334881676765,141.0368346454526
607,23.507071256637573,1.773465871810913,0.5881398916244507,0.39034736156463623,0.5534012913703918,0.6232651472091675,0.6629002690315247,0.7289665937423706,0.4034053683280945,0.3612126410007477,0.3482925295829773,0.6717459559440613,0.48302197456359863,0.8174925446510315,125.5061675469311,127.18548239956573,0.9820158849946512,10.437841968680178,169.75323674534906,78.63972574319084,41.54707156905101,0.0922504644513225,0.15593502879022522,0.12999824078709188,0.004688840211081575,0.003933448013851602,0.0001418735292406947,2.3955655097961426,10.396653522223923,151.4334881676765,141.0368346454526
608,23.537253379821777,1.8036479949951172,0.5886498689651489,0.3892260193824768,0.5581743121147156,0.6244577765464783,0.6712402105331421,0.7424348592758179,0.403140127658844,0.3611891567707062,0.34841108322143555,0.6728255748748779,0.4836753010749817,0.8325214982032776,128.83586577105572,129.77441801920307,2.1935899466190083,10.23304184415345,169.8275142172266,110.32021186194197,85.77712057686739,0.5248591526854173,0.49841249400412,0.16300262865356374,0.03598516393295363,0.004919765417370938,0.0010861086506281851,2.3955655097961426,10.396653522223923,151.4334881676765,141.0368346454526
609,23.569000482559204,1.835395097732544,0.5888172388076782,0.3882807791233063,0.5628333687782288,0.6253582239151001,0.6742912530899048,0.7529831528663635,0.4031490683555603,0.36128920316696167,0.35089677572250366,0.6731176376342773,0.48415836691856384,0.8476091027259827,132.613818162525,133.11798701194112,3.352221601832647,9.692520179470696,170.24122737819982,119.00148566991736,105.31887020973139,0.3458797873123123,0.47548703648538115,0.14947105230663021,0.07883528883534556,0.004745272853849878,0.002502792013990428,2.3955655097961426,10.396653522223923,151.4334881676765,141.0368346454526
610,23.600380420684814,1.8667750358581543,0.5901138782501221,0.3869553506374359,0.5662435293197632,0.6259143352508545,0.673355221748352,0.76301509141922,0.40272364020347595,0.36215972900390625,0.35273462533950806,0.6742793321609497,0.4851556718349457,0.8646129965782166,136.2962918092853,136.07325989111146,4.151809239510537,9.052860304060157,171.61609262123085,117.35120802404899,94.17714169290944,0.32108132734977196,0.5428027110829842,0.11010878633149956,0.06928689058735961,0.003455206902168507,0.0021742183395472786,2.3955655097961426,10.396653522223923,151.4334881676765,141.0368346454526
611,23.630546808242798,1.8969414234161377,0.5909146070480347,0.3864101469516754,0.567672610282898,0.6263591051101685,0.6728113293647766,0.7660889029502869,0.40200382471084595,0.3631943464279175,0.35364779829978943,0.6764302849769592,0.48657941818237305,0.8679410219192505,137.5080826780134,136.4588732247415,4.430443905625848,8.597791057610538,172.25006675393303,40.17023471567184,12.782880710818896,0.10347808139342769,0.11999381319729184,0.049614621439322965,0.0774626264885725,0.0014966938988812486,0.0023367676119135884,2.3955655097961426,10.396653522223923,151.4334881676765,141.0368346454526
612,23.661343097686768,1.9277377128601074,0.5927377939224243,0.38499516248703003,0.5713586807250977,0.6238077878952026,0.6724624633789062,0.7669373154640198,0.40157637000083923,0.36564233899116516,0.35907894372940063,0.6780490875244141,0.48825588822364807,0.8895443677902222,139.6477681287986,140.83774660439698,5.573841496572923,7.63296460995488,170.2295300327892,69.47867712043976,142.18834342437066,0.029787329908639075,0.7036009082903724,0.14556602952655495,0.18402419371213732,0.00448289357850923,0.005667262334252135,2.3955655097961426,10.396653522223923,151.4334881676765,141.0368346454526
613,23.69234299659729,1.9587376117706299,0.5951865911483765,0.383852481842041,0.5721208453178406,0.6241516470909119,0.6721042394638062,0.7732424139976501,0.4018400311470032,0.36632871627807617,0.3612791895866394,0.6784776449203491,0.4881991446018219,0.9005852341651917,140.67047833818623,142.8512902082202,5.491509735455691,7.306940062339345,169.56309535770208,32.9907594969768,64.95323128746574,0.20371894087628473,0.35616284493238565,0.026972421507294488,0.07230971688531732,0.000836142340098131,0.002241593913693336,2.3955655097961426,10.396653522223923,151.4334881676765,141.0368346454526
614,23.72387981414795,1.990274429321289,0.5961238741874695,0.38386598229408264,0.5724272727966309,0.6243695616722107,0.671707272529602,0.7761223316192627,0.40206965804100037,0.3663899600505829,0.3635028302669525,0.6786704659461975,0.48745855689048767,0.9052697420120239,141.1792668062766,144.27977520357436,5.617214638133129,7.074106340531323,168.56272472894963,16.133158245059633,45.295787790239345,0.09218266180792718,0.1503857327490544,0.011922933827639065,0.07077395085293002,0.0003760113887908357,0.0022319851753881737,2.3955655097961426,10.396653522223923,151.4334881676765,141.0368346454526
615,23.754562854766846,2.0209574699401855,0.5970038771629333,0.383427232503891,0.57268887758255,0.6242786049842834,0.6701098680496216,0.7791265249252319,0.4023100435733795,0.3659001886844635,0.3639991879463196,0.6784254908561707,0.48142021894454956,0.9106232523918152,142.0596397494997,146.1858218140612,6.162674321612282,6.494971583824924,166.89244942218696,28.692493490391588,62.12052560765376,0.11089126622473662,0.26300507651637073,0.009026681410883359,0.01803991396760171,0.00027696603238397193,0.0005535194130293214,2.3955655097961426,10.396653522223923,151.4334881676765,141.0368346454526
616,23.784880876541138,2.0512754917144775,0.5969562530517578,0.3834393620491028,0.5725411176681519,0.6244093179702759,0.661333441734314,0.7832393050193787,0.4023860991001129,0.36575350165367126,0.3655456006526947,0.679369330406189,0.47761106491088867,0.9267579913139343,145.00758233434857,148.92994207041392,6.609647192441305,5.367526874704595,165.70812842474393,97.23400183545508,90.51119089437353,0.3196876419065222,0.546812807928585,0.006506977269744861,0.05975625026623359,0.00019727867854894775,0.0018116912967217115,2.3955655097961426,10.396653522223923,151.4334881676765,141.0368346454526
617,23.83288073539734,2.0992753505706787,0.5969111919403076,0.38349005579948425,0.5721551179885864,0.6258338689804077,0.6567661762237549,0.789471447467804,0.4022713303565979,0.36562806367874146,0.36580199003219604,0.6793614029884338,0.469818651676178,0.9349737167358398,146.8254684008559,151.22656977883682,6.8712049030063245,5.031831887001123,165.72400363842635,37.872737750195945,47.84655128472735,0.16097018254352874,0.2359052841248916,0.030748434241668007,0.005344013753832258,0.0014759205036492474,0.0002565119059095462,2.3955655097961426,10.396653522223923,151.4334881676765,141.0368346454526
618,23.86317539215088,2.1295700073242188,0.5969628691673279,0.3835048973560333,0.5719428658485413,0.6262601613998413,0.6544235348701477,0.7914468050003052,0.40223294496536255,0.36542803049087524,0.3658927083015442,0.6792947053909302,0.4677395820617676,0.9357794523239136,147.581703085658,151.7381587139321,6.910364209205085,5.0020592862710975,166.30451058807776,24.96264245389546,16.88710122241305,0.10115023502877211,0.07360175691820502,0.015719281762139242,0.003716770467309176,0.0004762102453961903,0.0001125982855388261,2.3955655097961426,10.396653522223923,151.4334881676765,141.0368346454526
619,23.89417552947998,2.1605701446533203,0.5966190099716187,0.38456669449806213,0.5694124698638916,0.6317884922027588,0.6540321707725525,0.798966109752655,0.4026254117488861,0.3647904396057129,0.36578941345214844,0.6795275807380676,0.46112877130508423,0.939478874206543,146.8729184630427,153.18367933377627,6.913760495367814,4.363574446484821,165.74552264795489,-22.863918797866802,46.6294908470347,0.24288546291833443,0.2443706109475706,0.19612536551373144,0.008217907542285782,0.006079913264645915,0.00025475626236871874,2.3955655097961426,10.396653522223923,151.4334881676765,141.0368346454526
620,23.925175428390503,2.1915700435638428,0.5964971780776978,0.3856343924999237,0.568954348564148,0.6358604431152344,0.6533488035202026,0.8079535961151123,0.40304622054100037,0.3634752929210663,0.36572006344795227,0.6796743869781494,0.4524352550506592,0.9442311525344849,147.59531261759,155.1197279351622,6.751462106718391,4.507518358575818,165.89325665707293,23.303113233768713,62.45338434728756,0.29075672158340043,0.3196024038382359,0.13218238931181156,0.005237508516443284,0.004097640706417483,0.00016236223455274226,2.3955655097961426,10.396653522223923,151.4334881676765,141.0368346454526
621,23.955577850341797,2.2219724655151367,0.5963617563247681,0.3861308991909027,0.5685491561889648,0.6377727389335632,0.6529580950737,0.8113836050033569,0.403301864862442,0.362233966588974,0.3655466139316559,0.6797108054161072,0.4494839310646057,0.9455844163894653,147.76416465827606,155.69696810754903,6.607636088392805,4.60164687111982,165.9772393927366,5.553900967382482,18.986650909312484,0.11354982687246785,0.1067937489812661,0.06429593674061708,0.005829522155617008,0.0019547521985419434,0.00017723159234948492,2.3955655097961426,10.396653522223923,151.4334881676765,141.0368346454526
622,23.987099170684814,2.2534937858581543,0.5961664915084839,0.38627633452415466,0.5682212710380554,0.6390876770019531,0.6528684496879578,0.8138482570648193,0.4035326838493347,0.36120903491973877,0.3654857277870178,0.6798027157783508,0.44846534729003906,0.9458974599838257,147.84852588000788,155.87020841722645,6.510400901998992,4.568694164784815,166.14364467484975,2.6763225909891957,5.495972497097511,0.07824170453693721,0.03380577741031494,0.04299316687828476,0.003497571498386692,0.0013552013857312268,0.0001102480716232549,2.3955655097961426,10.396653522223923,151.4334881676765,141.0368346454526
623,24.01863145828247,2.2850260734558105,0.5961321592330933,0.3861757516860962,0.5688140988349915,0.6399045586585999,0.6526304483413696,0.8185486197471619,0.40399712324142456,0.36059385538101196,0.3654105067253113,0.6798047423362732,0.4462064802646637,0.9510099291801453,148.71977887251407,156.5178953521053,6.651954383881994,4.626399329851524,166.38191496507508,27.630503806864454,20.54043598558971,0.14925604021545627,0.17725512180224126,0.032009308613195536,0.0023863906365132856,0.001009326724993417,7.524835587089088e-05,2.3955655097961426,10.396653522223923,151.4334881676765,141.0368346454526
624,24.067081928253174,2.3334765434265137,0.5961350202560425,0.3866686224937439,0.5694233179092407,0.6435664296150208,0.6519213318824768,0.8229643702507019,0.40529194474220276,0.3602653443813324,0.36540794372558594,0.6802502870559692,0.44319042563438416,0.9562362432479858,149.36800519553628,157.15541338400791,6.8438528010800574,4.727084705058843,166.84065187763903,13.379154493530855,13.158139276834545,0.09230717204255862,0.12454261402429403,0.07661850171644917,0.009196032396448369,0.0037122024166130864,0.0004455520914737348,2.3955655097961426,10.396653522223923,151.4334881676765,141.0368346454526
625,24.099163055419922,2.3655576705932617,0.5961824059486389,0.38724759221076965,0.5697932839393616,0.6453031301498413,0.6510792374610901,0.823944091796875,0.4058755934238434,0.36006224155426025,0.36544468998908997,0.6807470917701721,0.4422001242637634,0.9587918519973755,149.69446772035076,157.38185504243165,6.94625689754377,4.762174213542078,167.08621635577464,10.176155068293577,7.058407182726545,0.040269440822393164,0.08543254422165905,0.055349361499943135,0.015528189844726635,0.001775669904877984,0.0004981618330780808,2.3955655097961426,10.396653522223923,151.4334881676765,141.0368346454526
626,24.129170894622803,2.3955655097961426,0.5961682200431824,0.38880518078804016,0.5711461305618286,0.6473433971405029,0.6501147150993347,0.8330349326133728,0.4056527018547058,0.3600366711616516,0.36505329608917236,0.6818745136260986,0.4370822310447693,0.9722976088523865,151.4334881676765,158.881106459938,7.219886174322668,5.091254675146696,167.21175483330887,57.9522049411272,49.961991843864915,0.3046492163309852,0.4813053150320741,0.08157990385962857,0.039770524755611734,0.002448036637206214,0.0011934275118805895,2.3955655097961426,10.396653522223923,151.4334881676765,141.0368346454526
